,age,income,loan_amount,loan_duration,num_dependents,prev_defaults,employment_years,credit_utilization,default
count,3000.0,3000.0,3000.0,3000.0,3000.0,3000.0,3000.0,3000.0,3000.0
mean,45.999,44190.982,5169.19,19.093333333333334,2.473333333333333,0.7686666666666667,5.939,0.7743209606274523,0.2826666666666667
std,19.34369126607602,16319.354687041903,2740.1739081517508,8.70707911018955,1.55844959621313,0.7080386018969217,3.1803538404057172,0.3114703525760206,0.4503707733635206
min,20.0,20003.0,1003.0,6.0,0.0,0.0,1.0,0.0029700761699595,0.0
25%,31.0,30972.0,2920.5,12.0,1.0,0.0,3.0,0.5546688259551992,0.0
50%,42.0,42279.0,4823.0,18.0,2.0,1.0,6.0,1.0,0.0
75%,57.0,54325.0,6971.75,25.0,4.0,1.0,8.0,1.0,1.0
max,143.0,111867.0,18862.0,56.0,5.0,3.0,20.0,1.0,1.0
