age,income,loan_amount,loan_duration,num_dependents,prev_defaults,employment_years,credit_utilization,default
32,21572,2490,15,3,2,13,0.283853067879967,0
32,25828,3199,21,4,1,11,0.0383023224087498,0
20,31084,2570,25,0,1,11,1.0,0
41,44463,2756,22,5,1,10,1.0,1
87,65778,9436,10,1,1,9,1.0,0
35,56447,8870,27,5,0,4,1.0,1
37,44147,9289,24,1,1,7,0.6255112621470438,0
34,21146,6392,15,3,0,6,1.0,1
47,98821,2775,12,5,2,6,1.0,0
67,69604,2302,13,5,0,2,0.3346225161032976,0
