age,income,loan_amount,loan_duration,num_dependents,prev_defaults,employment_years,credit_utilization,default
83,71508,9459,10,1,1,5,1.0,0
27,44987,4083,28,1,1,2,1.0,0
31,63622,2144,18,5,0,8,1.0,0
42,46105,4662,26,3,1,9,0.2470510483323863,1
36,48801,3459,13,0,0,1,1.0,1
105,69970,11945,16,1,2,11,1.0,0
51,31754,7405,16,1,2,7,0.439756110604086,0
36,21179,5711,33,1,2,6,1.0,0
40,57237,4587,9,5,1,4,1.0,0
40,55483,1302,24,4,0,8,1.0,0
