default,Count,Percentage
0,2152,71.73333333333333
1,848,28.26666666666667
