,accuracy,precision,recall,f1,roc_auc
Logistic Regression,0.7166666666666667,0.0,0.0,0.0,0.6048837209302326
HistGradientBoosting,0.7783333333333333,0.7341772151898734,0.3411764705882353,0.46586345381526106,0.7967783857729138
