loan_duration,default
"(5.999, 12.0]",0.2691358024691358
"(12.0, 18.0]",0.2689295039164491
"(18.0, 25.0]",0.2928870292887029
"(25.0, 56.0]",0.3026874115983027
