age,default
"(19.999, 31.0]",0.34987593052109184
"(31.0, 42.0]",0.29445234708392604
"(42.0, 57.0]",0.2584856396866841
"(57.0, 143.0]",0.22206896551724137
