num_dependents,default
"(-0.001, 1.0]",0.28167539267015707
"(1.0, 2.0]",0.27993779160186627
"(2.0, 4.0]",0.29351184346035014
"(4.0, 5.0]",0.26450116009280744
