prev_defaults,default
"(-0.001, 1.0]",0.2842267643655997
"(1.0, 3.0]",0.2727272727272727
