credit_utilization,default
"(0.00197, 0.555]",0.2906666666666667
"(0.555, 1.0]",0.28
