employment_years,default
"(0.999, 3.0]",0.2796934865900383
"(3.0, 6.0]",0.3126232741617357
"(6.0, 8.0]",0.3086206896551724
"(8.0, 20.0]",0.21348314606741572
