income,default
"(20002.999, 30972.0]",0.27066666666666667
"(30972.0, 42279.0]",0.2693333333333333
"(42279.0, 54325.0]",0.2796271637816245
"(54325.0, 111867.0]",0.31108144192256343
