loan_amount,default
"(1002.999, 2920.5]",0.2946666666666667
"(2920.5, 4823.0]",0.2866666666666667
"(4823.0, 6971.75]",0.27466666666666667
"(6971.75, 18862.0]",0.27466666666666667
