default,count,mean,std,min,max
0,2152,0.7704460966542751,0.7021916847503924,0,3
1,848,0.7641509433962265,0.7230642754918927,0,3
