default,count,mean,std,min,max
0,2152,43777.61895910781,15894.567191212771,20003,111003
1,848,45239.98820754717,17316.21559182401,20012,111867
