default,count,mean,std,min,max
0,2152,2.4823420074349443,1.5589052227092872,0,5
1,848,2.4504716981132075,1.5579782146300423,0,5
