default,count,mean,std,min,max
0,2152,6.066914498141264,3.3199427210382995,1,20
1,848,5.61438679245283,2.7704172794297635,1,17
