default,count,mean,std,min,max
0,2152,0.7759398784203186,0.31034041638869814,0.0033186638304923,1.0
1,848,0.7702125749078196,0.3144663195916579,0.0029700761699595,1.0
