default,count,mean,std,min,max
0,2152,5211.57434944238,2751.0842423759123,1007,14975
1,848,5061.629716981132,2710.9265139481954,1003,18862
