default,count,mean,std,min,max
0,2152,18.888940520446095,8.56344649614411,6,56
1,848,19.61202830188679,9.045820478881497,6,50
