default,count,mean,std,min,max
0,2152,47.02091078066915,19.211176370616737,20,143
1,848,43.405660377358494,19.44757894536269,20,137
